today,time_stamp,game_length,game_result
2022-05-13T13:22:05Z,6 hours ago,16m 27s,Victory
2022-05-13T13:22:05Z,7 hours ago,14m 52s,Defeat
2022-05-13T13:22:05Z,7 hours ago,19m 57s,Defeat
2022-05-13T13:22:05Z,7 hours ago,13m 26s,Victory
2022-05-13T13:22:05Z,8 hours ago,8m 38s,Victory
2022-05-13T13:22:05Z,8 hours ago,19m 6s,Defeat
2022-05-13T13:22:05Z,9 hours ago,13m 23s,Victory
2022-05-13T13:22:05Z,9 hours ago,20m 19s,Victory
2022-05-13T13:22:05Z,10 hours ago,18m 19s,Victory
2022-05-13T13:22:05Z,10 hours ago,16m 51s,Defeat
2022-05-13T13:22:05Z,10 hours ago,21m 44s,Victory
2022-05-13T13:22:05Z,a day ago,27m 46s,Victory
2022-05-13T13:22:05Z,a day ago,45m 9s,Victory
2022-05-13T13:22:05Z,a day ago,3m 22s,Remake
2022-05-13T13:22:05Z,a day ago,26m 33s,Victory
2022-05-13T13:22:05Z,a day ago,29m 41s,Victory
2022-05-13T13:22:05Z,2 days ago,30m 45s,Victory
2022-05-13T13:22:05Z,3 days ago,35m 14s,Victory
2022-05-13T13:22:05Z,3 days ago,31m 36s,Defeat
2022-05-13T13:22:05Z,4 days ago,23m 47s,Victory
2022-05-12T13:18:55Z,11 hours ago,29m 41s,Victory
2022-05-12T13:18:55Z,20 hours ago,30m 45s,Victory
2022-05-12T13:18:55Z,2 days ago,35m 14s,Victory
2022-05-12T13:18:55Z,2 days ago,31m 36s,Defeat
2022-05-12T13:18:55Z,3 days ago,23m 47s,Victory
2022-05-12T13:18:55Z,4 days ago,32m 46s,Defeat
2022-05-12T13:18:55Z,4 days ago,33m 59s,Victory
2022-05-12T13:18:55Z,4 days ago,26m 22s,Defeat
2022-05-12T13:18:55Z,4 days ago,30m 0s,Defeat
2022-05-12T13:18:55Z,5 days ago,37m 46s,Defeat
2022-05-12T13:18:55Z,5 days ago,37m 13s,Victory
2022-05-12T13:18:55Z,5 days ago,27m 40s,Defeat
2022-05-12T13:18:55Z,5 days ago,20m 20s,Victory
2022-05-12T13:18:55Z,6 days ago,25m 37s,Defeat
2022-05-12T13:18:55Z,6 days ago,29m 16s,Victory
2022-05-12T13:18:55Z,7 days ago,12m 55s,Defeat
2022-05-12T13:18:55Z,7 days ago,16m 54s,Defeat
2022-05-12T13:18:55Z,7 days ago,10m 40s,Defeat
2022-05-12T13:18:55Z,7 days ago,23m 12s,Defeat
2022-05-12T13:18:55Z,7 days ago,21m 7s,Victory
2022-05-11T13:24:49Z,a day ago,35m 14s,Victory
2022-05-11T13:24:49Z,a day ago,31m 36s,Defeat
2022-05-11T13:24:49Z,2 days ago,23m 47s,Victory
2022-05-11T13:24:49Z,3 days ago,32m 46s,Defeat
2022-05-11T13:24:49Z,3 days ago,33m 59s,Victory
2022-05-11T13:24:49Z,3 days ago,26m 22s,Defeat
2022-05-11T13:24:49Z,3 days ago,30m 0s,Defeat
2022-05-11T13:24:49Z,4 days ago,37m 46s,Defeat
2022-05-11T13:24:49Z,4 days ago,37m 13s,Victory
2022-05-11T13:24:49Z,4 days ago,27m 40s,Defeat
2022-05-11T13:24:49Z,4 days ago,20m 20s,Victory
2022-05-11T13:24:49Z,5 days ago,25m 37s,Defeat
2022-05-11T13:24:49Z,5 days ago,29m 16s,Victory
2022-05-11T13:24:49Z,6 days ago,12m 55s,Defeat
2022-05-11T13:24:49Z,6 days ago,16m 54s,Defeat
2022-05-11T13:24:49Z,6 days ago,10m 40s,Defeat
2022-05-11T13:24:49Z,6 days ago,23m 12s,Defeat
2022-05-11T13:24:49Z,6 days ago,21m 7s,Victory
2022-05-11T13:24:49Z,6 days ago,34m 48s,Victory
2022-05-11T13:24:49Z,7 days ago,24m 57s,Defeat
2022-05-10T13:24:20Z,11 hours ago,35m 14s,Victory
2022-05-10T13:24:20Z,11 hours ago,31m 36s,Defeat
2022-05-10T13:24:20Z,17 hours ago,23m 47s,Victory
2022-05-10T13:24:20Z,2 days ago,32m 46s,Defeat
2022-05-10T13:24:20Z,2 days ago,33m 59s,Victory
2022-05-10T13:24:20Z,2 days ago,26m 22s,Defeat
2022-05-10T13:24:20Z,2 days ago,30m 0s,Defeat
2022-05-10T13:24:20Z,3 days ago,37m 46s,Defeat
2022-05-10T13:24:20Z,3 days ago,37m 13s,Victory
2022-05-10T13:24:20Z,3 days ago,27m 40s,Defeat
2022-05-10T13:24:20Z,3 days ago,20m 20s,Victory
2022-05-10T13:24:20Z,4 days ago,25m 37s,Defeat
2022-05-10T13:24:20Z,4 days ago,29m 16s,Victory
2022-05-10T13:24:20Z,5 days ago,12m 55s,Defeat
2022-05-10T13:24:20Z,5 days ago,16m 54s,Defeat
2022-05-10T13:24:20Z,5 days ago,10m 40s,Defeat
2022-05-10T13:24:20Z,5 days ago,23m 12s,Defeat
2022-05-10T13:24:20Z,5 days ago,21m 7s,Victory
2022-05-10T13:24:20Z,5 days ago,34m 48s,Victory
2022-05-10T13:24:20Z,6 days ago,24m 57s,Defeat
2022-05-09T13:19:59Z,16 hours ago,32m 46s,Defeat
2022-05-09T13:19:59Z,16 hours ago,33m 59s,Victory
2022-05-09T13:19:59Z,17 hours ago,26m 22s,Defeat
2022-05-09T13:19:59Z,18 hours ago,30m 0s,Defeat
2022-05-09T13:19:59Z,2 days ago,37m 46s,Defeat
2022-05-09T13:19:59Z,2 days ago,37m 13s,Victory
2022-05-09T13:19:59Z,2 days ago,27m 40s,Defeat
2022-05-09T13:19:59Z,2 days ago,20m 20s,Victory
2022-05-09T13:19:59Z,3 days ago,25m 37s,Defeat
2022-05-09T13:19:59Z,3 days ago,29m 16s,Victory
2022-05-09T13:19:59Z,4 days ago,12m 55s,Defeat
2022-05-09T13:19:59Z,4 days ago,16m 54s,Defeat
2022-05-09T13:19:59Z,4 days ago,10m 40s,Defeat
2022-05-09T13:19:59Z,4 days ago,23m 12s,Defeat
2022-05-09T13:19:59Z,4 days ago,21m 7s,Victory
2022-05-09T13:19:59Z,4 days ago,34m 48s,Victory
2022-05-09T13:19:59Z,5 days ago,24m 57s,Defeat
2022-05-09T13:19:59Z,5 days ago,36m 40s,Victory
2022-05-09T13:19:59Z,5 days ago,38m 32s,Victory
2022-05-09T13:19:59Z,5 days ago,24m 13s,Victory
2022-05-08T13:13:34Z,13 hours ago,37m 46s,Defeat
2022-05-08T13:13:34Z,16 hours ago,37m 13s,Victory
2022-05-08T13:13:34Z,17 hours ago,27m 40s,Defeat
2022-05-08T13:13:34Z,20 hours ago,20m 20s,Victory
2022-05-08T13:13:34Z,2 days ago,25m 37s,Defeat
2022-05-08T13:13:34Z,2 days ago,29m 16s,Victory
2022-05-08T13:13:34Z,3 days ago,12m 55s,Defeat
2022-05-08T13:13:34Z,3 days ago,16m 54s,Defeat
2022-05-08T13:13:34Z,3 days ago,10m 40s,Defeat
2022-05-08T13:13:34Z,3 days ago,23m 12s,Defeat
2022-05-08T13:13:34Z,3 days ago,21m 7s,Victory
2022-05-08T13:13:34Z,3 days ago,34m 48s,Victory
2022-05-08T13:13:34Z,4 days ago,24m 57s,Defeat
2022-05-08T13:13:34Z,4 days ago,36m 40s,Victory
2022-05-08T13:13:34Z,4 days ago,38m 32s,Victory
2022-05-08T13:13:34Z,4 days ago,24m 13s,Victory
2022-05-08T13:13:34Z,4 days ago,22m 13s,Defeat
2022-05-08T13:13:34Z,4 days ago,27m 49s,Victory
2022-05-08T13:13:34Z,4 days ago,15m 52s,Defeat
2022-05-08T13:13:34Z,4 days ago,29m 45s,Victory
2022-05-07T13:16:20Z,15 hours ago,25m 37s,Defeat
2022-05-07T13:16:20Z,18 hours ago,29m 16s,Victory
2022-05-07T13:16:20Z,2 days ago,12m 55s,Defeat
2022-05-07T13:16:20Z,2 days ago,16m 54s,Defeat
2022-05-07T13:16:20Z,2 days ago,10m 40s,Defeat
2022-05-07T13:16:20Z,2 days ago,23m 12s,Defeat
2022-05-07T13:16:20Z,2 days ago,21m 7s,Victory
2022-05-07T13:16:20Z,2 days ago,34m 48s,Victory
2022-05-07T13:16:20Z,3 days ago,24m 57s,Defeat
2022-05-07T13:16:20Z,3 days ago,36m 40s,Victory
2022-05-07T13:16:20Z,3 days ago,38m 32s,Victory
2022-05-07T13:16:20Z,3 days ago,24m 13s,Victory
2022-05-07T13:16:20Z,3 days ago,22m 13s,Defeat
2022-05-07T13:16:20Z,3 days ago,27m 49s,Victory
2022-05-07T13:16:20Z,3 days ago,15m 52s,Defeat
2022-05-07T13:16:20Z,3 days ago,29m 45s,Victory
2022-05-07T13:16:20Z,5 days ago,33m 37s,Defeat
2022-05-07T13:16:20Z,5 days ago,52m 6s,Defeat
2022-05-07T13:16:20Z,5 days ago,34m 5s,Defeat
2022-05-07T13:16:20Z,5 days ago,53m 55s,Victory
2022-05-05T13:19:29Z,7 hours ago,12m 55s,Defeat
2022-05-05T13:19:29Z,8 hours ago,16m 54s,Defeat
2022-05-05T13:19:29Z,8 hours ago,10m 40s,Defeat
2022-05-05T13:19:29Z,8 hours ago,23m 12s,Defeat
2022-05-05T13:19:29Z,9 hours ago,21m 7s,Victory
2022-05-05T13:19:29Z,11 hours ago,34m 48s,Victory
2022-05-05T13:19:29Z,a day ago,24m 57s,Defeat
2022-05-05T13:19:29Z,a day ago,36m 40s,Victory
2022-05-05T13:19:29Z,a day ago,38m 32s,Victory
2022-05-05T13:19:29Z,a day ago,24m 13s,Victory
2022-05-05T13:19:29Z,a day ago,22m 13s,Defeat
2022-05-05T13:19:29Z,a day ago,27m 49s,Victory
2022-05-05T13:19:29Z,a day ago,15m 52s,Defeat
2022-05-05T13:19:29Z,a day ago,29m 45s,Victory
2022-05-05T13:19:29Z,3 days ago,33m 37s,Defeat
2022-05-05T13:19:29Z,3 days ago,52m 6s,Defeat
2022-05-05T13:19:29Z,3 days ago,34m 5s,Defeat
2022-05-05T13:19:29Z,3 days ago,53m 55s,Victory
2022-05-05T13:19:29Z,4 days ago,30m 6s,Defeat
2022-05-05T13:19:29Z,4 days ago,36m 15s,Defeat
2022-05-04T13:20:22Z,7 hours ago,24m 57s,Defeat
2022-05-04T13:20:22Z,8 hours ago,36m 40s,Victory
2022-05-04T13:20:22Z,9 hours ago,38m 32s,Victory
2022-05-04T13:20:22Z,9 hours ago,24m 13s,Victory
2022-05-04T13:20:22Z,10 hours ago,22m 13s,Defeat
2022-05-04T13:20:22Z,10 hours ago,27m 49s,Victory
2022-05-04T13:20:22Z,11 hours ago,15m 52s,Defeat
2022-05-04T13:20:22Z,11 hours ago,29m 45s,Victory
2022-05-04T13:20:22Z,2 days ago,33m 37s,Defeat
2022-05-04T13:20:22Z,2 days ago,52m 6s,Defeat
2022-05-04T13:20:22Z,2 days ago,34m 5s,Defeat
2022-05-04T13:20:22Z,2 days ago,53m 55s,Victory
2022-05-04T13:20:22Z,3 days ago,30m 6s,Defeat
2022-05-04T13:20:22Z,3 days ago,36m 15s,Defeat
2022-05-04T13:20:22Z,3 days ago,24m 59s,Victory
2022-05-04T13:20:22Z,3 days ago,25m 8s,Defeat
2022-05-04T13:20:22Z,3 days ago,32m 6s,Defeat
2022-05-04T13:20:22Z,3 days ago,20m 10s,Defeat
2022-05-04T13:20:22Z,3 days ago,20m 13s,Defeat
2022-05-04T13:20:22Z,4 days ago,19m 42s,Victory
2022-05-03T13:20:04Z,a day ago,33m 37s,Defeat
2022-05-03T13:20:04Z,a day ago,52m 6s,Defeat
2022-05-03T13:20:04Z,a day ago,34m 5s,Defeat
2022-05-03T13:20:04Z,a day ago,53m 55s,Victory
2022-05-03T13:20:04Z,2 days ago,30m 6s,Defeat
2022-05-03T13:20:04Z,2 days ago,36m 15s,Defeat
2022-05-03T13:20:04Z,2 days ago,24m 59s,Victory
2022-05-03T13:20:04Z,2 days ago,25m 8s,Defeat
2022-05-03T13:20:04Z,2 days ago,32m 6s,Defeat
2022-05-03T13:20:04Z,2 days ago,20m 10s,Defeat
2022-05-03T13:20:04Z,2 days ago,20m 13s,Defeat
2022-05-03T13:20:04Z,3 days ago,19m 42s,Victory
2022-05-03T13:20:04Z,3 days ago,29m 39s,Defeat
2022-05-03T13:20:04Z,3 days ago,22m 34s,Defeat
2022-05-03T13:20:04Z,3 days ago,17m 8s,Defeat
2022-05-03T13:20:04Z,3 days ago,32m 30s,Victory
2022-05-03T13:20:04Z,4 days ago,37m 29s,Defeat
2022-05-03T13:20:04Z,4 days ago,29m 24s,Victory
2022-05-03T13:20:04Z,4 days ago,29m 27s,Victory
2022-05-03T13:20:04Z,4 days ago,21m 15s,Victory
2022-05-02T13:20:30Z,11 hours ago,34m 5s,Defeat
2022-05-02T13:20:30Z,11 hours ago,53m 55s,Victory
2022-05-02T13:20:30Z,13 hours ago,30m 6s,Defeat
2022-05-02T13:20:30Z,13 hours ago,36m 15s,Defeat
2022-05-02T13:20:30Z,14 hours ago,24m 59s,Victory
2022-05-02T13:20:30Z,15 hours ago,25m 8s,Defeat
2022-05-02T13:20:30Z,a day ago,32m 6s,Defeat
2022-05-02T13:20:30Z,a day ago,20m 10s,Defeat
2022-05-02T13:20:30Z,a day ago,20m 13s,Defeat
2022-05-02T13:20:30Z,2 days ago,19m 42s,Victory
2022-05-02T13:20:30Z,2 days ago,29m 39s,Defeat
2022-05-02T13:20:30Z,2 days ago,22m 34s,Defeat
2022-05-02T13:20:30Z,2 days ago,17m 8s,Defeat
2022-05-02T13:20:30Z,2 days ago,32m 30s,Victory
2022-05-02T13:20:30Z,3 days ago,37m 29s,Defeat
2022-05-02T13:20:30Z,3 days ago,29m 24s,Victory
2022-05-02T13:20:30Z,3 days ago,29m 27s,Victory
2022-05-02T13:20:30Z,3 days ago,21m 15s,Victory
2022-05-02T13:20:30Z,3 days ago,23m 24s,Victory
2022-05-02T13:20:30Z,3 days ago,27m 3s,Victory
2022-05-01T13:12:54Z,8 hours ago,32m 6s,Defeat
2022-05-01T13:12:54Z,11 hours ago,20m 10s,Defeat
2022-05-01T13:12:54Z,12 hours ago,20m 13s,Defeat
2022-05-01T13:12:54Z,12 hours ago,19m 42s,Victory
2022-05-01T13:12:54Z,13 hours ago,29m 39s,Defeat
2022-05-01T13:12:54Z,18 hours ago,22m 34s,Defeat
2022-05-01T13:12:54Z,a day ago,17m 8s,Defeat
2022-05-01T13:12:54Z,a day ago,32m 30s,Victory
2022-05-01T13:12:54Z,2 days ago,37m 29s,Defeat
2022-05-01T13:12:54Z,2 days ago,29m 24s,Victory
2022-05-01T13:12:54Z,2 days ago,29m 27s,Victory
2022-05-01T13:12:54Z,2 days ago,21m 15s,Victory
2022-05-01T13:12:54Z,2 days ago,23m 24s,Victory
2022-05-01T13:12:54Z,2 days ago,27m 3s,Victory
2022-05-01T13:12:54Z,2 days ago,28m 59s,Victory
2022-05-01T13:12:54Z,2 days ago,27m 7s,Defeat
2022-05-01T13:12:54Z,3 days ago,39m 41s,Victory
2022-05-01T13:12:54Z,3 days ago,28m 35s,Victory
2022-05-01T13:12:54Z,3 days ago,38m 38s,Victory
2022-05-01T13:12:54Z,3 days ago,35m 18s,Victory
2022-04-30T13:11:51Z,6 hours ago,17m 8s,Defeat
2022-04-30T13:11:51Z,7 hours ago,32m 30s,Victory
2022-04-30T13:11:51Z,19 hours ago,37m 29s,Defeat
2022-04-30T13:11:51Z,a day ago,29m 24s,Victory
2022-04-30T13:11:51Z,a day ago,29m 27s,Victory
2022-04-30T13:11:51Z,a day ago,21m 15s,Victory
2022-04-30T13:11:51Z,a day ago,23m 24s,Victory
2022-04-30T13:11:51Z,a day ago,27m 3s,Victory
2022-04-30T13:11:51Z,a day ago,28m 59s,Victory
2022-04-30T13:11:51Z,a day ago,27m 7s,Defeat
2022-04-30T13:11:51Z,2 days ago,39m 41s,Victory
2022-04-30T13:11:51Z,2 days ago,28m 35s,Victory
2022-04-30T13:11:51Z,2 days ago,38m 38s,Victory
2022-04-30T13:11:51Z,2 days ago,35m 18s,Victory
2022-04-30T13:11:51Z,2 days ago,33m 43s,Victory
2022-04-30T13:11:51Z,2 days ago,25m 45s,Victory
2022-04-30T13:11:51Z,2 days ago,22m 14s,Defeat
2022-04-30T13:11:51Z,3 days ago,30m 9s,Defeat
2022-04-30T13:11:51Z,3 days ago,33m 19s,Defeat
2022-04-30T13:11:51Z,3 days ago,16m 50s,Victory
2022-04-29T13:18:58Z,7 hours ago,29m 24s,Victory
2022-04-29T13:18:58Z,7 hours ago,29m 27s,Victory
2022-04-29T13:18:58Z,8 hours ago,23m 24s,Victory
2022-04-29T13:18:58Z,10 hours ago,27m 3s,Victory
2022-04-29T13:18:58Z,11 hours ago,28m 59s,Victory
2022-04-29T13:18:58Z,11 hours ago,27m 7s,Defeat
2022-04-29T13:18:58Z,a day ago,39m 41s,Victory
2022-04-29T13:18:58Z,a day ago,28m 35s,Victory
2022-04-29T13:18:58Z,a day ago,38m 38s,Victory
2022-04-29T13:18:58Z,a day ago,35m 18s,Victory
2022-04-29T13:18:58Z,a day ago,33m 43s,Victory
2022-04-29T13:18:58Z,a day ago,25m 45s,Victory
2022-04-29T13:18:58Z,a day ago,22m 14s,Defeat
2022-04-29T13:18:58Z,2 days ago,30m 9s,Defeat
2022-04-29T13:18:58Z,2 days ago,33m 19s,Defeat
2022-04-29T13:18:58Z,2 days ago,16m 50s,Victory
2022-04-29T13:18:58Z,2 days ago,27m 56s,Victory
2022-04-29T13:18:58Z,2 days ago,39m 56s,Victory
2022-04-29T13:18:58Z,3 days ago,35m 0s,Victory
2022-04-29T13:18:58Z,3 days ago,28m 58s,Victory
2022-04-28T13:19:58Z,8 hours ago,28m 35s,Victory
2022-04-28T13:19:58Z,8 hours ago,38m 38s,Victory
2022-04-28T13:19:58Z,9 hours ago,35m 18s,Victory
2022-04-28T13:19:58Z,10 hours ago,33m 43s,Victory
2022-04-28T13:19:58Z,10 hours ago,25m 45s,Victory
2022-04-28T13:19:58Z,11 hours ago,22m 14s,Defeat
2022-04-28T13:19:58Z,12 hours ago,30m 9s,Defeat
2022-04-28T13:19:58Z,13 hours ago,33m 19s,Defeat
2022-04-28T13:19:58Z,13 hours ago,16m 50s,Victory
2022-04-28T13:19:58Z,a day ago,27m 56s,Victory
2022-04-28T13:19:58Z,a day ago,39m 56s,Victory
2022-04-28T13:19:58Z,2 days ago,35m 0s,Victory
2022-04-28T13:19:58Z,2 days ago,28m 58s,Victory
2022-04-28T13:19:58Z,2 days ago,36m 54s,Defeat
2022-04-28T13:19:58Z,2 days ago,15m 25s,Victory
2022-04-28T13:19:58Z,2 days ago,22m 33s,Victory
2022-04-28T13:19:58Z,3 days ago,25m 51s,Victory
2022-04-28T13:19:58Z,3 days ago,31m 20s,Defeat
2022-04-28T13:19:58Z,3 days ago,37m 16s,Defeat
2022-04-28T13:19:58Z,3 days ago,40m 11s,Victory
2022-04-24T13:13:52Z,6 hours ago,29m 59s,Victory
2022-04-24T13:13:52Z,6 hours ago,24m 11s,Defeat
2022-04-24T13:13:52Z,7 hours ago,25m 38s,Defeat
2022-04-24T13:13:52Z,7 hours ago,18m 34s,Defeat
2022-04-24T13:13:52Z,15 hours ago,32m 56s,Victory
2022-04-24T13:13:52Z,16 hours ago,16m 17s,Victory
2022-04-24T13:13:52Z,16 hours ago,33m 27s,Victory
2022-04-24T13:13:52Z,17 hours ago,34m 41s,Victory
2022-04-24T13:13:52Z,a day ago,34m 55s,Defeat
2022-04-24T13:13:52Z,2 days ago,15m 54s,Defeat
2022-04-24T13:13:52Z,2 days ago,20m 45s,Victory
2022-04-24T13:13:52Z,2 days ago,22m 36s,Defeat
2022-04-24T13:13:52Z,2 days ago,19m 6s,Defeat
2022-04-24T13:13:52Z,2 days ago,28m 9s,Defeat
2022-04-24T13:13:52Z,2 days ago,32m 3s,Defeat
2022-04-24T13:13:52Z,2 days ago,38m 54s,Defeat
2022-04-24T13:13:52Z,2 days ago,31m 29s,Victory
2022-04-24T13:13:52Z,3 days ago,21m 11s,Victory
2022-04-24T13:13:52Z,3 days ago,40m 22s,Defeat
2022-04-24T13:13:52Z,3 days ago,40m 7s,Victory
2022-04-23T13:11:45Z,6 hours ago,34m 55s,Defeat
2022-04-23T13:11:45Z,16 hours ago,15m 54s,Defeat
2022-04-23T13:11:45Z,16 hours ago,20m 45s,Victory
2022-04-23T13:11:45Z,17 hours ago,22m 36s,Defeat
2022-04-23T13:11:45Z,a day ago,19m 6s,Defeat
2022-04-23T13:11:45Z,a day ago,28m 9s,Defeat
2022-04-23T13:11:45Z,a day ago,32m 3s,Defeat
2022-04-23T13:11:45Z,a day ago,38m 54s,Defeat
2022-04-23T13:11:45Z,a day ago,31m 29s,Victory
2022-04-23T13:11:45Z,2 days ago,21m 11s,Victory
2022-04-23T13:11:45Z,2 days ago,40m 22s,Defeat
2022-04-23T13:11:45Z,2 days ago,40m 7s,Victory
2022-04-23T13:11:45Z,2 days ago,17m 42s,Victory
2022-04-23T13:11:45Z,2 days ago,20m 14s,Defeat
2022-04-23T13:11:45Z,3 days ago,30m 28s,Defeat
2022-04-23T13:11:45Z,3 days ago,33m 20s,Victory
2022-04-23T13:11:45Z,3 days ago,30m 54s,Defeat
2022-04-23T13:11:45Z,3 days ago,30m 13s,Defeat
2022-04-23T13:11:45Z,3 days ago,22m 36s,Defeat
2022-04-23T13:11:45Z,3 days ago,34m 49s,Defeat
2022-04-22T13:16:41Z,6 hours ago,19m 6s,Defeat
2022-04-22T13:16:41Z,6 hours ago,28m 9s,Defeat
2022-04-22T13:16:41Z,9 hours ago,32m 3s,Defeat
2022-04-22T13:16:41Z,10 hours ago,38m 54s,Defeat
2022-04-22T13:16:41Z,11 hours ago,31m 29s,Victory
2022-04-22T13:16:41Z,a day ago,21m 11s,Victory
2022-04-22T13:16:41Z,a day ago,40m 22s,Defeat
2022-04-22T13:16:41Z,a day ago,40m 7s,Victory
2022-04-22T13:16:41Z,a day ago,17m 42s,Victory
2022-04-22T13:16:41Z,a day ago,20m 14s,Defeat
2022-04-22T13:16:41Z,2 days ago,30m 28s,Defeat
2022-04-22T13:16:41Z,2 days ago,33m 20s,Victory
2022-04-22T13:16:41Z,2 days ago,30m 54s,Defeat
2022-04-22T13:16:41Z,2 days ago,30m 13s,Defeat
2022-04-22T13:16:41Z,2 days ago,22m 36s,Defeat
2022-04-22T13:16:41Z,2 days ago,34m 49s,Defeat
2022-04-22T13:16:41Z,3 days ago,32m 9s,Defeat
2022-04-22T13:16:41Z,3 days ago,23m 19s,Victory
2022-04-22T13:16:41Z,3 days ago,29m 45s,Victory
2022-04-22T13:16:41Z,3 days ago,20m 11s,Victory
2022-04-21T13:14:58Z,7 hours ago,21m 11s,Victory
2022-04-21T13:14:58Z,7 hours ago,40m 22s,Defeat
2022-04-21T13:14:58Z,8 hours ago,40m 7s,Victory
2022-04-21T13:14:58Z,8 hours ago,17m 42s,Victory
2022-04-21T13:14:58Z,9 hours ago,20m 14s,Defeat
2022-04-21T13:14:58Z,a day ago,30m 28s,Defeat
2022-04-21T13:14:58Z,a day ago,33m 20s,Victory
2022-04-21T13:14:58Z,a day ago,30m 54s,Defeat
2022-04-21T13:14:58Z,a day ago,30m 13s,Defeat
2022-04-21T13:14:58Z,a day ago,22m 36s,Defeat
2022-04-21T13:14:58Z,a day ago,34m 49s,Defeat
2022-04-21T13:14:58Z,2 days ago,32m 9s,Defeat
2022-04-21T13:14:58Z,2 days ago,23m 19s,Victory
2022-04-21T13:14:58Z,2 days ago,29m 45s,Victory
2022-04-21T13:14:58Z,2 days ago,20m 11s,Victory
2022-04-21T13:14:58Z,2 days ago,33m 44s,Defeat
2022-04-21T13:14:58Z,3 days ago,35m 51s,Defeat
2022-04-21T13:14:58Z,3 days ago,26m 26s,Victory
2022-04-21T13:14:58Z,3 days ago,25m 20s,Victory
2022-04-21T13:14:58Z,3 days ago,26m 40s,Victory
2022-04-20T13:17:52Z,6 hours ago,30m 28s,Defeat
2022-04-20T13:17:52Z,7 hours ago,33m 20s,Victory
2022-04-20T13:17:52Z,8 hours ago,30m 54s,Defeat
2022-04-20T13:17:52Z,8 hours ago,30m 13s,Defeat
2022-04-20T13:17:52Z,9 hours ago,22m 36s,Defeat
2022-04-20T13:17:52Z,10 hours ago,34m 49s,Defeat
2022-04-20T13:17:52Z,a day ago,32m 9s,Defeat
2022-04-20T13:17:52Z,a day ago,23m 19s,Victory
2022-04-20T13:17:52Z,a day ago,29m 45s,Victory
2022-04-20T13:17:52Z,a day ago,20m 11s,Victory
2022-04-20T13:17:52Z,a day ago,33m 44s,Defeat
2022-04-20T13:17:52Z,2 days ago,35m 51s,Defeat
2022-04-20T13:17:52Z,2 days ago,26m 26s,Victory
2022-04-20T13:17:52Z,2 days ago,25m 20s,Victory
2022-04-20T13:17:52Z,2 days ago,26m 40s,Victory
2022-04-20T13:17:52Z,2 days ago,30m 35s,Victory
2022-04-20T13:17:52Z,2 days ago,32m 0s,Defeat
2022-04-20T13:17:52Z,2 days ago,23m 24s,Victory
2022-04-20T13:17:52Z,2 days ago,18m 35s,Victory
2022-04-20T13:17:52Z,2 days ago,25m 48s,Defeat
2022-04-19T13:17:17Z,8 hours ago,32m 9s,Defeat
2022-04-19T13:17:17Z,8 hours ago,23m 19s,Victory
2022-04-19T13:17:17Z,9 hours ago,29m 45s,Victory
2022-04-19T13:17:17Z,9 hours ago,20m 11s,Victory
2022-04-19T13:17:17Z,10 hours ago,33m 44s,Defeat
2022-04-19T13:17:17Z,16 hours ago,35m 51s,Defeat
2022-04-19T13:17:17Z,16 hours ago,26m 26s,Victory
2022-04-19T13:17:17Z,17 hours ago,25m 20s,Victory
2022-04-19T13:17:17Z,17 hours ago,26m 40s,Victory
2022-04-19T13:17:17Z,18 hours ago,30m 35s,Victory
2022-04-19T13:17:17Z,a day ago,32m 0s,Defeat
2022-04-19T13:17:17Z,a day ago,23m 24s,Victory
2022-04-19T13:17:17Z,a day ago,18m 35s,Victory
2022-04-19T13:17:17Z,a day ago,25m 48s,Defeat
2022-04-19T13:17:17Z,a day ago,21m 21s,Victory
2022-04-19T13:17:17Z,a day ago,36m 41s,Victory
2022-04-19T13:17:17Z,a day ago,44m 50s,Defeat
2022-04-19T13:17:17Z,a day ago,26m 17s,Victory
2022-04-19T13:17:17Z,2 days ago,42m 34s,Defeat
2022-04-19T13:17:17Z,2 days ago,43m 59s,Victory
2022-04-18T13:12:36Z,8 hours ago,25m 48s,Defeat
2022-04-18T13:12:36Z,8 hours ago,21m 21s,Victory
2022-04-18T13:12:36Z,10 hours ago,36m 41s,Victory
2022-04-18T13:12:36Z,11 hours ago,44m 50s,Defeat
2022-04-18T13:12:36Z,12 hours ago,26m 17s,Victory
2022-04-18T13:12:36Z,12 hours ago,42m 34s,Defeat
2022-04-18T13:12:36Z,13 hours ago,43m 59s,Victory
2022-04-18T13:12:36Z,14 hours ago,20m 14s,Defeat
2022-04-18T13:12:36Z,a day ago,20m 13s,Victory
2022-04-18T13:12:36Z,2 days ago,40m 43s,Defeat
2022-04-18T13:12:36Z,2 days ago,39m 33s,Defeat
2022-04-18T13:12:36Z,2 days ago,26m 53s,Defeat
2022-04-18T13:12:36Z,2 days ago,35m 13s,Victory
2022-04-18T13:12:36Z,2 days ago,22m 4s,Defeat
2022-04-18T13:12:36Z,2 days ago,38m 17s,Defeat
2022-04-18T13:12:36Z,2 days ago,19m 58s,Defeat
2022-04-18T13:12:36Z,3 days ago,23m 0s,Victory
2022-04-18T13:12:36Z,3 days ago,23m 15s,Victory
2022-04-18T13:12:36Z,3 days ago,18m 55s,Victory
2022-04-18T13:12:36Z,3 days ago,41m 31s,Defeat
2022-04-17T13:10:43Z,6 hours ago,20m 13s,Victory
2022-04-17T13:10:43Z,12 hours ago,40m 43s,Defeat
2022-04-17T13:10:43Z,14 hours ago,39m 33s,Defeat
2022-04-17T13:10:43Z,14 hours ago,26m 53s,Defeat
2022-04-17T13:10:43Z,15 hours ago,35m 13s,Victory
2022-04-17T13:10:43Z,18 hours ago,22m 4s,Defeat
2022-04-17T13:10:43Z,19 hours ago,38m 17s,Defeat
2022-04-17T13:10:43Z,a day ago,19m 58s,Defeat
2022-04-17T13:10:43Z,2 days ago,23m 0s,Victory
2022-04-17T13:10:43Z,2 days ago,23m 15s,Victory
2022-04-17T13:10:43Z,2 days ago,18m 55s,Victory
2022-04-17T13:10:43Z,2 days ago,41m 31s,Defeat
2022-04-17T13:10:43Z,2 days ago,36m 21s,Victory
2022-04-17T13:10:43Z,3 days ago,15m 55s,Defeat
2022-04-17T13:10:43Z,3 days ago,16m 26s,Victory
2022-04-17T13:10:43Z,3 days ago,24m 1s,Defeat
2022-04-17T13:10:43Z,3 days ago,35m 59s,Victory
2022-04-17T13:10:43Z,3 days ago,29m 18s,Victory
2022-04-17T13:10:43Z,3 days ago,24m 5s,Victory
2022-04-17T13:10:43Z,4 days ago,31m 52s,Defeat
2022-04-16T13:11:14Z,a day ago,23m 0s,Victory
2022-04-16T13:11:14Z,a day ago,23m 15s,Victory
2022-04-16T13:11:14Z,a day ago,18m 55s,Victory
2022-04-16T13:11:14Z,a day ago,41m 31s,Defeat
2022-04-16T13:11:14Z,a day ago,36m 21s,Victory
2022-04-16T13:11:14Z,2 days ago,15m 55s,Defeat
2022-04-16T13:11:14Z,2 days ago,16m 26s,Victory
2022-04-16T13:11:14Z,2 days ago,24m 1s,Defeat
2022-04-16T13:11:14Z,2 days ago,35m 59s,Victory
2022-04-16T13:11:14Z,2 days ago,29m 18s,Victory
2022-04-16T13:11:14Z,2 days ago,24m 5s,Victory
2022-04-16T13:11:14Z,3 days ago,31m 52s,Defeat
2022-04-16T13:11:14Z,3 days ago,37m 39s,Victory
2022-04-16T13:11:14Z,3 days ago,32m 25s,Defeat
2022-04-16T13:11:14Z,3 days ago,30m 26s,Defeat
2022-04-16T13:11:14Z,3 days ago,29m 41s,Victory
2022-04-16T13:11:14Z,3 days ago,39m 42s,Victory
2022-04-16T13:11:14Z,3 days ago,19m 29s,Victory
2022-04-16T13:11:14Z,3 days ago,15m 1s,Victory
2022-04-16T13:11:14Z,4 days ago,16m 25s,Victory
2022-04-15T13:11:50Z,8 hours ago,23m 0s,Victory
2022-04-15T13:11:50Z,9 hours ago,23m 15s,Victory
2022-04-15T13:11:50Z,9 hours ago,18m 55s,Victory
2022-04-15T13:11:50Z,10 hours ago,41m 31s,Defeat
2022-04-15T13:11:50Z,11 hours ago,36m 21s,Victory
2022-04-15T13:11:50Z,a day ago,15m 55s,Defeat
2022-04-15T13:11:50Z,a day ago,16m 26s,Victory
2022-04-15T13:11:50Z,a day ago,24m 1s,Defeat
2022-04-15T13:11:50Z,a day ago,35m 59s,Victory
2022-04-15T13:11:50Z,a day ago,29m 18s,Victory
2022-04-15T13:11:50Z,a day ago,24m 5s,Victory
2022-04-15T13:11:50Z,2 days ago,31m 52s,Defeat
2022-04-15T13:11:50Z,2 days ago,37m 39s,Victory
2022-04-15T13:11:50Z,2 days ago,32m 25s,Defeat
2022-04-15T13:11:50Z,2 days ago,30m 26s,Defeat
2022-04-15T13:11:50Z,2 days ago,29m 41s,Victory
2022-04-15T13:11:50Z,2 days ago,39m 42s,Victory
2022-04-15T13:11:50Z,2 days ago,19m 29s,Victory
2022-04-15T13:11:50Z,2 days ago,15m 1s,Victory
2022-04-15T13:11:50Z,3 days ago,16m 25s,Victory
2022-04-14T13:16:06Z,7 hours ago,15m 55s,Defeat
2022-04-14T13:16:06Z,7 hours ago,16m 26s,Victory
2022-04-14T13:16:06Z,8 hours ago,24m 1s,Defeat
2022-04-14T13:16:06Z,8 hours ago,35m 59s,Victory
2022-04-14T13:16:06Z,9 hours ago,29m 18s,Victory
2022-04-14T13:16:06Z,10 hours ago,24m 5s,Victory
2022-04-14T13:16:06Z,a day ago,31m 52s,Defeat
2022-04-14T13:16:06Z,a day ago,37m 39s,Victory
2022-04-14T13:16:06Z,a day ago,32m 25s,Defeat
2022-04-14T13:16:06Z,a day ago,30m 26s,Defeat
2022-04-14T13:16:06Z,a day ago,29m 41s,Victory
2022-04-14T13:16:06Z,a day ago,39m 42s,Victory
2022-04-14T13:16:06Z,a day ago,19m 29s,Victory
2022-04-14T13:16:06Z,a day ago,15m 1s,Victory
2022-04-14T13:16:06Z,2 days ago,16m 25s,Victory
2022-04-14T13:16:06Z,2 days ago,15m 19s,Victory
2022-04-14T13:16:06Z,2 days ago,32m 10s,Victory
2022-04-14T13:16:06Z,2 days ago,45m 40s,Defeat
2022-04-13T13:13:22Z,6 hours ago,31m 52s,Defeat
2022-04-13T13:13:22Z,7 hours ago,37m 39s,Victory
2022-04-13T13:13:22Z,8 hours ago,32m 25s,Defeat
2022-04-13T13:13:22Z,9 hours ago,30m 26s,Defeat
2022-04-13T13:13:22Z,9 hours ago,29m 41s,Victory
2022-04-13T13:13:22Z,10 hours ago,39m 42s,Victory
2022-04-13T13:13:22Z,11 hours ago,19m 29s,Victory
2022-04-13T13:13:22Z,11 hours ago,15m 1s,Victory
2022-04-13T13:13:22Z,a day ago,16m 25s,Victory
2022-04-13T13:13:22Z,a day ago,15m 19s,Victory
2022-04-13T13:13:22Z,a day ago,32m 10s,Victory
2022-04-13T13:13:22Z,a day ago,45m 40s,Defeat
2022-04-13T13:13:22Z,a day ago,21m 3s,Victory
2022-04-13T13:13:22Z,a day ago,16m 24s,Victory
2022-04-13T13:13:22Z,2 days ago,40m 5s,Defeat
2022-04-13T13:13:22Z,2 days ago,30m 31s,Defeat
2022-04-13T13:13:22Z,3 days ago,32m 39s,Victory
2022-04-13T13:13:22Z,3 days ago,26m 8s,Victory
2022-04-12T13:14:08Z,6 hours ago,16m 25s,Victory
2022-04-12T13:14:08Z,6 hours ago,15m 19s,Victory
2022-04-12T13:14:08Z,8 hours ago,32m 10s,Victory
2022-04-12T13:14:08Z,8 hours ago,45m 40s,Defeat
2022-04-12T13:14:08Z,9 hours ago,32m 10s,Victory
2022-04-12T13:14:08Z,10 hours ago,15m 19s,Victory
2022-04-12T13:14:08Z,10 hours ago,21m 3s,Victory
2022-04-12T13:14:08Z,11 hours ago,16m 24s,Victory
2022-04-12T13:14:08Z,a day ago,40m 5s,Defeat
2022-04-12T13:14:08Z,a day ago,30m 31s,Defeat
2022-04-12T13:14:08Z,2 days ago,32m 39s,Victory
2022-04-12T13:14:08Z,2 days ago,26m 8s,Victory
2022-04-12T13:14:08Z,2 days ago,30m 2s,Defeat
2022-04-12T13:14:08Z,2 days ago,22m 28s,Victory
2022-04-12T13:14:08Z,2 days ago,27m 7s,Victory
2022-04-12T13:14:08Z,3 days ago,34m 0s,Victory
2022-04-12T13:14:08Z,3 days ago,24m 16s,Defeat
2022-04-12T13:14:08Z,3 days ago,16m 26s,Victory
2022-04-12T13:14:08Z,3 days ago,27m 35s,Victory
2022-04-12T13:14:08Z,3 days ago,27m 43s,Defeat
2022-04-11T13:13:46Z,6 hours ago,40m 5s,Defeat
2022-04-11T13:13:46Z,9 hours ago,30m 31s,Defeat
2022-04-11T13:13:46Z,17 hours ago,32m 39s,Victory
2022-04-11T13:13:46Z,17 hours ago,26m 8s,Victory
2022-04-11T13:13:46Z,18 hours ago,30m 2s,Defeat
2022-04-11T13:13:46Z,19 hours ago,22m 28s,Victory
2022-04-11T13:13:46Z,19 hours ago,27m 7s,Victory
2022-04-11T13:13:46Z,2 days ago,34m 0s,Victory
2022-04-11T13:13:46Z,2 days ago,24m 16s,Defeat
2022-04-11T13:13:46Z,2 days ago,16m 26s,Victory
2022-04-11T13:13:46Z,2 days ago,27m 35s,Victory
2022-04-11T13:13:46Z,2 days ago,27m 43s,Defeat
2022-04-11T13:13:46Z,2 days ago,35m 28s,Victory
2022-04-11T13:13:46Z,2 days ago,33m 40s,Defeat
2022-04-11T13:13:46Z,3 days ago,30m 24s,Victory
2022-04-11T13:13:46Z,3 days ago,16m 32s,Victory
2022-04-11T13:13:46Z,3 days ago,29m 25s,Defeat
2022-04-11T13:13:46Z,3 days ago,21m 32s,Defeat
2022-04-11T13:13:46Z,3 days ago,25m 14s,Defeat
2022-04-11T13:13:46Z,3 days ago,31m 9s,Defeat
2022-04-10T13:13:20Z,14 hours ago,24m 16s,Defeat
2022-04-10T13:13:20Z,20 hours ago,16m 26s,Victory
2022-04-10T13:13:20Z,20 hours ago,27m 35s,Victory
2022-04-10T13:13:20Z,21 hours ago,27m 43s,Defeat
2022-04-10T13:13:20Z,a day ago,35m 28s,Victory
2022-04-10T13:13:20Z,a day ago,33m 40s,Defeat
2022-04-10T13:13:20Z,2 days ago,30m 24s,Victory
2022-04-10T13:13:20Z,2 days ago,16m 32s,Victory
2022-04-10T13:13:20Z,2 days ago,29m 25s,Defeat
2022-04-10T13:13:20Z,2 days ago,21m 32s,Defeat
2022-04-10T13:13:20Z,2 days ago,25m 14s,Defeat
2022-04-10T13:13:20Z,2 days ago,31m 9s,Defeat
2022-04-10T13:13:20Z,2 days ago,38m 24s,Defeat
2022-04-10T13:13:20Z,4 days ago,30m 12s,Defeat
2022-04-10T13:13:20Z,4 days ago,30m 27s,Victory
2022-04-10T13:13:20Z,4 days ago,25m 6s,Victory
2022-04-10T13:13:20Z,4 days ago,21m 52s,Defeat
2022-04-10T13:13:20Z,4 days ago,16m 16s,Victory
2022-04-10T13:13:20Z,5 days ago,40m 3s,Defeat
2022-04-10T13:13:20Z,6 days ago,31m 53s,Victory
2022-04-09T13:09:38Z,6 hours ago,35m 28s,Victory
2022-04-09T13:09:38Z,6 hours ago,33m 40s,Defeat
2022-04-09T13:09:38Z,16 hours ago,30m 24s,Victory
2022-04-09T13:09:38Z,16 hours ago,16m 32s,Victory
2022-04-09T13:09:38Z,17 hours ago,29m 25s,Defeat
2022-04-09T13:09:38Z,17 hours ago,21m 32s,Defeat
2022-04-09T13:09:38Z,a day ago,25m 14s,Defeat
2022-04-09T13:09:38Z,a day ago,31m 9s,Defeat
2022-04-09T13:09:38Z,a day ago,38m 24s,Defeat
2022-04-09T13:09:38Z,3 days ago,30m 12s,Defeat
2022-04-09T13:09:38Z,3 days ago,30m 27s,Victory
2022-04-09T13:09:38Z,3 days ago,25m 6s,Victory
2022-04-09T13:09:38Z,3 days ago,21m 52s,Defeat
2022-04-09T13:09:38Z,3 days ago,16m 16s,Victory
2022-04-09T13:09:38Z,4 days ago,40m 3s,Defeat
2022-04-09T13:09:38Z,5 days ago,31m 53s,Victory
2022-04-09T13:09:38Z,5 days ago,24m 33s,Victory
2022-04-09T13:09:38Z,5 days ago,29m 9s,Defeat
2022-04-09T13:09:38Z,5 days ago,38m 42s,Victory
2022-04-09T13:09:38Z,5 days ago,21m 28s,Defeat
2022-04-08T13:13:36Z,2 days ago,30m 12s,Defeat
2022-04-08T13:13:36Z,2 days ago,30m 27s,Victory
2022-04-08T13:13:36Z,2 days ago,25m 6s,Victory
2022-04-08T13:13:36Z,2 days ago,21m 52s,Defeat
2022-04-08T13:13:36Z,2 days ago,16m 16s,Victory
2022-04-08T13:13:36Z,3 days ago,40m 3s,Defeat
2022-04-08T13:13:36Z,4 days ago,31m 53s,Victory
2022-04-08T13:13:36Z,4 days ago,24m 33s,Victory
2022-04-08T13:13:36Z,4 days ago,29m 9s,Defeat
2022-04-08T13:13:36Z,4 days ago,38m 42s,Victory
2022-04-08T13:13:36Z,4 days ago,21m 28s,Defeat
2022-04-08T13:13:36Z,4 days ago,27m 15s,Victory
2022-04-08T13:13:36Z,4 days ago,24m 10s,Victory
2022-04-08T13:13:36Z,4 days ago,37m 17s,Defeat
2022-04-08T13:13:36Z,4 days ago,35m 49s,Defeat
2022-04-08T13:13:36Z,4 days ago,31m 51s,Defeat
2022-04-08T13:13:36Z,5 days ago,21m 33s,Defeat
2022-04-08T13:13:36Z,5 days ago,35m 37s,Defeat
2022-04-08T13:13:36Z,5 days ago,37m 33s,Victory
2022-04-08T13:13:36Z,5 days ago,39m 41s,Victory
2022-04-07T13:11:41Z,a day ago,30m 12s,Defeat
2022-04-07T13:11:41Z,a day ago,30m 27s,Victory
2022-04-07T13:11:41Z,a day ago,25m 6s,Victory
2022-04-07T13:11:41Z,a day ago,21m 52s,Defeat
2022-04-07T13:11:41Z,a day ago,16m 16s,Victory
2022-04-07T13:11:41Z,2 days ago,40m 3s,Defeat
2022-04-07T13:11:41Z,3 days ago,31m 53s,Victory
2022-04-07T13:11:41Z,3 days ago,24m 33s,Victory
2022-04-07T13:11:41Z,3 days ago,29m 9s,Defeat
2022-04-07T13:11:41Z,3 days ago,38m 42s,Victory
2022-04-07T13:11:41Z,3 days ago,21m 28s,Defeat
2022-04-07T13:11:41Z,3 days ago,27m 15s,Victory
2022-04-07T13:11:41Z,3 days ago,24m 10s,Victory
2022-04-07T13:11:41Z,3 days ago,37m 17s,Defeat
2022-04-07T13:11:41Z,3 days ago,35m 49s,Defeat
2022-04-07T13:11:41Z,3 days ago,31m 51s,Defeat
2022-04-07T13:11:41Z,4 days ago,21m 33s,Defeat
2022-04-07T13:11:41Z,4 days ago,35m 37s,Defeat
2022-04-07T13:11:41Z,4 days ago,37m 33s,Victory
2022-04-07T13:11:41Z,4 days ago,39m 41s,Victory
2022-04-06T13:13:07Z,6 hours ago,30m 12s,Defeat
2022-04-06T13:13:07Z,10 hours ago,30m 27s,Victory
2022-04-06T13:13:07Z,11 hours ago,25m 6s,Victory
2022-04-06T13:13:07Z,11 hours ago,21m 52s,Defeat
2022-04-06T13:13:07Z,12 hours ago,16m 16s,Victory
2022-04-06T13:13:07Z,a day ago,40m 3s,Defeat
2022-04-06T13:13:07Z,2 days ago,31m 53s,Victory
2022-04-06T13:13:07Z,2 days ago,24m 33s,Victory
2022-04-06T13:13:07Z,2 days ago,29m 9s,Defeat
2022-04-06T13:13:07Z,2 days ago,38m 42s,Victory
2022-04-06T13:13:07Z,2 days ago,21m 28s,Defeat
2022-04-06T13:13:07Z,2 days ago,27m 15s,Victory
2022-04-06T13:13:07Z,2 days ago,24m 10s,Victory
2022-04-06T13:13:07Z,2 days ago,37m 17s,Defeat
2022-04-06T13:13:07Z,2 days ago,35m 49s,Defeat
2022-04-06T13:13:07Z,2 days ago,31m 51s,Defeat
2022-04-06T13:13:07Z,3 days ago,21m 33s,Defeat
2022-04-06T13:13:07Z,3 days ago,35m 37s,Defeat
2022-04-06T13:13:07Z,3 days ago,37m 33s,Victory
2022-04-06T13:13:07Z,3 days ago,39m 41s,Victory
2022-04-05T13:11:49Z,11 hours ago,40m 3s,Defeat
2022-04-05T13:11:49Z,12 hours ago,31m 53s,Victory
2022-04-05T13:11:49Z,13 hours ago,24m 33s,Victory
2022-04-05T13:11:49Z,13 hours ago,29m 9s,Defeat
2022-04-05T13:11:49Z,a day ago,38m 42s,Victory
2022-04-05T13:11:49Z,a day ago,21m 28s,Defeat
2022-04-05T13:11:49Z,a day ago,27m 15s,Victory
2022-04-05T13:11:49Z,a day ago,24m 10s,Victory
2022-04-05T13:11:49Z,a day ago,37m 17s,Defeat
2022-04-05T13:11:49Z,a day ago,35m 49s,Defeat
2022-04-05T13:11:49Z,a day ago,31m 51s,Defeat
2022-04-05T13:11:49Z,2 days ago,21m 33s,Defeat
2022-04-05T13:11:49Z,2 days ago,35m 37s,Defeat
2022-04-05T13:11:49Z,2 days ago,37m 33s,Victory
2022-04-05T13:11:49Z,2 days ago,39m 41s,Victory
2022-04-05T13:11:49Z,2 days ago,33m 4s,Victory
2022-04-05T13:11:49Z,2 days ago,24m 15s,Defeat
2022-04-05T13:11:49Z,2 days ago,31m 12s,Victory
2022-04-05T13:11:49Z,2 days ago,26m 53s,Victory
2022-04-05T13:11:49Z,2 days ago,32m 8s,Defeat
2022-04-04T13:10:58Z,7 hours ago,38m 42s,Victory
2022-04-04T13:10:58Z,7 hours ago,21m 28s,Defeat
2022-04-04T13:10:58Z,9 hours ago,27m 15s,Victory
2022-04-04T13:10:58Z,10 hours ago,24m 10s,Victory
2022-04-04T13:10:58Z,10 hours ago,37m 17s,Defeat
2022-04-04T13:10:58Z,11 hours ago,35m 49s,Defeat
2022-04-04T13:10:58Z,12 hours ago,31m 51s,Defeat
2022-04-04T13:10:58Z,12 hours ago,21m 33s,Defeat
2022-04-04T13:10:58Z,13 hours ago,35m 37s,Defeat
2022-04-04T13:10:58Z,14 hours ago,37m 33s,Victory
2022-04-04T13:10:58Z,15 hours ago,39m 41s,Victory
2022-04-04T13:10:58Z,16 hours ago,33m 4s,Victory
2022-04-04T13:10:58Z,a day ago,24m 15s,Defeat
2022-04-04T13:10:58Z,a day ago,31m 12s,Victory
2022-04-04T13:10:58Z,a day ago,26m 53s,Victory
2022-04-04T13:10:58Z,a day ago,32m 8s,Defeat
2022-04-04T13:10:58Z,a day ago,16m 31s,Defeat
2022-04-04T13:10:58Z,a day ago,25m 20s,Victory
2022-04-04T13:10:58Z,a day ago,29m 58s,Defeat
2022-04-04T13:10:58Z,a day ago,31m 15s,Victory
2022-04-03T13:10:15Z,6 hours ago,24m 15s,Defeat
2022-04-03T13:10:15Z,7 hours ago,31m 12s,Victory
2022-04-03T13:10:15Z,7 hours ago,26m 53s,Victory
2022-04-03T13:10:15Z,8 hours ago,32m 8s,Defeat
2022-04-03T13:10:15Z,9 hours ago,16m 31s,Defeat
2022-04-03T13:10:15Z,9 hours ago,25m 20s,Victory
2022-04-03T13:10:15Z,10 hours ago,29m 58s,Defeat
2022-04-03T13:10:15Z,10 hours ago,31m 15s,Victory
2022-04-03T13:10:15Z,11 hours ago,30m 36s,Defeat
2022-04-03T13:10:15Z,12 hours ago,23m 43s,Victory
2022-04-03T13:10:15Z,2 days ago,19m 1s,Victory
2022-04-03T13:10:15Z,2 days ago,24m 29s,Defeat
2022-04-03T13:10:15Z,2 days ago,14m 1s,Victory
2022-04-03T13:10:15Z,2 days ago,24m 34s,Defeat
2022-04-03T13:10:15Z,2 days ago,36m 31s,Defeat
2022-04-03T13:10:15Z,2 days ago,20m 38s,Defeat
2022-04-03T13:10:15Z,2 days ago,19m 9s,Victory
2022-04-03T13:10:15Z,3 days ago,11m 49s,Defeat
2022-04-03T13:10:15Z,3 days ago,19m 44s,Victory
2022-04-03T13:10:15Z,3 days ago,31m 8s,Victory
2022-04-02T13:08:58Z,a day ago,19m 1s,Victory
2022-04-02T13:08:58Z,a day ago,24m 29s,Defeat
2022-04-02T13:08:58Z,a day ago,14m 1s,Victory
2022-04-02T13:08:58Z,a day ago,24m 34s,Defeat
2022-04-02T13:08:58Z,a day ago,36m 31s,Defeat
2022-04-02T13:08:58Z,2 days ago,11m 49s,Defeat
2022-04-02T13:08:58Z,2 days ago,19m 44s,Victory
2022-04-02T13:08:58Z,2 days ago,31m 8s,Victory
2022-04-02T13:08:58Z,2 days ago,16m 32s,Defeat
2022-04-02T13:08:58Z,2 days ago,32m 42s,Victory
2022-04-02T13:08:58Z,3 days ago,36m 21s,Defeat
2022-04-02T13:08:58Z,3 days ago,11m 14s,Victory
2022-04-02T13:08:58Z,3 days ago,17m 1s,Victory
2022-04-02T13:08:58Z,3 days ago,3m 30s,Remake
2022-04-02T13:08:58Z,4 days ago,26m 3s,Defeat
2022-04-02T13:08:58Z,4 days ago,19m 12s,Defeat
2022-04-02T13:08:58Z,5 days ago,22m 48s,Victory
2022-04-02T13:08:58Z,5 days ago,14m 48s,Victory
2022-04-02T13:08:58Z,5 days ago,21m 26s,Defeat
2022-04-02T13:08:58Z,5 days ago,35m 47s,Defeat
2022-04-01T13:16:17Z,8 hours ago,14m 1s,Victory
2022-04-01T13:16:17Z,10 hours ago,24m 34s,Defeat
2022-04-01T13:16:17Z,a day ago,11m 49s,Defeat
2022-04-01T13:16:17Z,a day ago,19m 44s,Victory
2022-04-01T13:16:17Z,a day ago,31m 8s,Victory
2022-04-01T13:16:17Z,a day ago,16m 32s,Defeat
2022-04-01T13:16:17Z,a day ago,32m 42s,Victory
2022-04-01T13:16:17Z,2 days ago,36m 21s,Defeat
2022-04-01T13:16:17Z,2 days ago,11m 14s,Victory
2022-04-01T13:16:17Z,2 days ago,17m 1s,Victory
2022-04-01T13:16:17Z,2 days ago,3m 30s,Remake
2022-04-01T13:16:17Z,3 days ago,26m 3s,Defeat
2022-04-01T13:16:17Z,3 days ago,19m 12s,Defeat
2022-04-01T13:16:17Z,4 days ago,22m 48s,Victory
2022-04-01T13:16:17Z,4 days ago,14m 48s,Victory
2022-04-01T13:16:17Z,4 days ago,21m 26s,Defeat
2022-04-01T13:16:17Z,4 days ago,35m 47s,Defeat
2022-04-01T13:16:17Z,4 days ago,22m 46s,Defeat
2022-04-01T13:16:17Z,4 days ago,41m 22s,Defeat
2022-04-01T13:16:17Z,4 days ago,28m 33s,Victory
2022-03-31T13:14:05Z,7 hours ago,11m 49s,Defeat
2022-03-31T13:14:05Z,7 hours ago,19m 44s,Victory
2022-03-31T13:14:05Z,7 hours ago,31m 8s,Victory
2022-03-31T13:14:05Z,8 hours ago,16m 32s,Defeat
2022-03-31T13:14:05Z,8 hours ago,32m 42s,Victory
2022-03-31T13:14:05Z,20 hours ago,36m 21s,Defeat
2022-03-31T13:14:05Z,20 hours ago,11m 14s,Victory
2022-03-31T13:14:05Z,a day ago,17m 1s,Victory
2022-03-31T13:14:05Z,a day ago,3m 30s,Remake
2022-03-31T13:14:05Z,2 days ago,26m 3s,Defeat
2022-03-31T13:14:05Z,2 days ago,19m 12s,Defeat
2022-03-31T13:14:05Z,3 days ago,22m 48s,Victory
2022-03-31T13:14:05Z,3 days ago,14m 48s,Victory
2022-03-31T13:14:05Z,3 days ago,21m 26s,Defeat
2022-03-31T13:14:05Z,3 days ago,35m 47s,Defeat
2022-03-31T13:14:05Z,3 days ago,22m 46s,Defeat
2022-03-31T13:14:05Z,3 days ago,41m 22s,Defeat
2022-03-31T13:14:05Z,3 days ago,28m 33s,Victory
2022-03-31T13:14:05Z,3 days ago,22m 33s,Victory
2022-03-31T13:14:05Z,4 days ago,26m 44s,Victory
2022-03-30T13:15:36Z,a day ago,26m 3s,Defeat
2022-03-30T13:15:36Z,a day ago,19m 12s,Defeat
2022-03-30T13:15:36Z,2 days ago,22m 48s,Victory
2022-03-30T13:15:36Z,2 days ago,14m 48s,Victory
2022-03-30T13:15:36Z,2 days ago,21m 26s,Defeat
2022-03-30T13:15:36Z,2 days ago,35m 47s,Defeat
2022-03-30T13:15:36Z,2 days ago,22m 46s,Defeat
2022-03-30T13:15:36Z,2 days ago,41m 22s,Defeat
2022-03-30T13:15:36Z,2 days ago,28m 33s,Victory
2022-03-30T13:15:36Z,2 days ago,22m 33s,Victory
2022-03-30T13:15:36Z,3 days ago,26m 44s,Victory
2022-03-30T13:15:36Z,3 days ago,12m 16s,Defeat
2022-03-30T13:15:36Z,3 days ago,23m 26s,Victory
2022-03-30T13:15:36Z,3 days ago,13m 58s,Defeat
2022-03-30T13:15:36Z,3 days ago,17m 1s,Victory
2022-03-30T13:15:36Z,3 days ago,23m 20s,Victory
2022-03-30T13:15:36Z,5 days ago,38m 21s,Victory
2022-03-30T13:15:36Z,5 days ago,27m 0s,Defeat
2022-03-30T13:15:36Z,6 days ago,23m 13s,Defeat
2022-03-30T13:15:36Z,6 days ago,23m 28s,Defeat
2022-03-29T13:14:51Z,8 hours ago,26m 3s,Defeat
2022-03-29T13:14:51Z,8 hours ago,19m 12s,Defeat
2022-03-29T13:14:51Z,a day ago,22m 48s,Victory
2022-03-29T13:14:51Z,a day ago,14m 48s,Victory
2022-03-29T13:14:51Z,a day ago,21m 26s,Defeat
2022-03-29T13:14:51Z,a day ago,35m 47s,Defeat
2022-03-29T13:14:51Z,a day ago,22m 46s,Defeat
2022-03-29T13:14:51Z,a day ago,41m 22s,Defeat
2022-03-29T13:14:51Z,a day ago,28m 33s,Victory
2022-03-29T13:14:51Z,a day ago,22m 33s,Victory
2022-03-29T13:14:51Z,2 days ago,26m 44s,Victory
2022-03-29T13:14:51Z,2 days ago,12m 16s,Defeat
2022-03-29T13:14:51Z,2 days ago,23m 26s,Victory
2022-03-29T13:14:51Z,2 days ago,13m 58s,Defeat
2022-03-29T13:14:51Z,2 days ago,17m 1s,Victory
2022-03-29T13:14:51Z,2 days ago,23m 20s,Victory
2022-03-29T13:14:51Z,4 days ago,38m 21s,Victory
2022-03-29T13:14:51Z,4 days ago,27m 0s,Defeat
2022-03-29T13:14:51Z,5 days ago,23m 13s,Defeat
2022-03-29T13:14:51Z,5 days ago,23m 28s,Defeat
2022-03-28T13:13:36Z,6 hours ago,22m 48s,Victory
2022-03-28T13:13:36Z,6 hours ago,14m 48s,Victory
2022-03-28T13:13:36Z,6 hours ago,21m 26s,Defeat
2022-03-28T13:13:36Z,7 hours ago,35m 47s,Defeat
2022-03-28T13:13:36Z,8 hours ago,22m 46s,Defeat
2022-03-28T13:13:36Z,9 hours ago,41m 22s,Defeat
2022-03-28T13:13:36Z,9 hours ago,28m 33s,Victory
2022-03-28T13:13:36Z,10 hours ago,22m 33s,Victory
2022-03-28T13:13:36Z,a day ago,26m 44s,Victory
2022-03-28T13:13:36Z,a day ago,12m 16s,Defeat
2022-03-28T13:13:36Z,a day ago,23m 26s,Victory
2022-03-28T13:13:36Z,a day ago,13m 58s,Defeat
2022-03-28T13:13:36Z,a day ago,17m 1s,Victory
2022-03-28T13:13:36Z,a day ago,23m 20s,Victory
2022-03-28T13:13:36Z,3 days ago,38m 21s,Victory
2022-03-28T13:13:36Z,3 days ago,27m 0s,Defeat
2022-03-28T13:13:36Z,4 days ago,23m 13s,Defeat
2022-03-28T13:13:36Z,4 days ago,23m 28s,Defeat
2022-03-28T13:13:36Z,4 days ago,40m 59s,Victory
2022-03-28T13:13:36Z,5 days ago,39m 15s,Victory
2022-03-27T13:11:04Z,7 hours ago,13m 58s,Defeat
2022-03-27T13:11:04Z,2 days ago,38m 21s,Victory
2022-03-27T13:11:04Z,2 days ago,27m 0s,Defeat
2022-03-27T13:11:04Z,3 days ago,23m 13s,Defeat
2022-03-27T13:11:04Z,3 days ago,23m 28s,Defeat
2022-03-27T13:11:04Z,3 days ago,40m 59s,Victory
2022-03-27T13:11:04Z,4 days ago,39m 15s,Victory
2022-03-27T13:11:04Z,4 days ago,27m 16s,Victory
2022-03-27T13:11:04Z,4 days ago,25m 20s,Defeat
2022-03-27T13:11:04Z,4 days ago,23m 46s,Victory
2022-03-27T13:11:04Z,4 days ago,18m 0s,Victory
2022-03-27T13:11:04Z,4 days ago,12m 45s,Defeat
2022-03-27T13:11:04Z,4 days ago,22m 8s,Victory
2022-03-27T13:11:04Z,4 days ago,30m 58s,Victory
2022-03-27T13:11:04Z,4 days ago,24m 23s,Victory
2022-03-27T13:11:04Z,4 days ago,15m 28s,Victory
2022-03-27T13:11:04Z,4 days ago,21m 42s,Victory
2022-03-27T13:11:04Z,4 days ago,27m 6s,Victory
2022-03-27T13:11:04Z,4 days ago,26m 57s,Victory
2022-03-27T13:11:04Z,5 days ago,13m 0s,Defeat
2022-03-26T13:09:47Z,18 hours ago,38m 21s,Victory
2022-03-26T13:09:47Z,a day ago,27m 0s,Defeat
2022-03-26T13:09:47Z,2 days ago,23m 13s,Defeat
2022-03-26T13:09:47Z,2 days ago,23m 28s,Defeat
2022-03-26T13:09:47Z,2 days ago,40m 59s,Victory
2022-03-26T13:09:47Z,3 days ago,39m 15s,Victory
2022-03-26T13:09:47Z,3 days ago,27m 16s,Victory
2022-03-26T13:09:47Z,3 days ago,25m 20s,Defeat
2022-03-26T13:09:47Z,3 days ago,23m 46s,Victory
2022-03-26T13:09:47Z,3 days ago,18m 0s,Victory
2022-03-26T13:09:47Z,3 days ago,12m 45s,Defeat
2022-03-26T13:09:47Z,3 days ago,22m 8s,Victory
2022-03-26T13:09:47Z,3 days ago,30m 58s,Victory
2022-03-26T13:09:47Z,3 days ago,24m 23s,Victory
2022-03-26T13:09:47Z,3 days ago,15m 28s,Victory
2022-03-26T13:09:47Z,3 days ago,21m 42s,Victory
2022-03-26T13:09:47Z,3 days ago,27m 6s,Victory
2022-03-26T13:09:47Z,3 days ago,26m 57s,Victory
2022-03-26T13:09:47Z,4 days ago,13m 0s,Defeat
2022-03-26T13:09:47Z,4 days ago,13m 52s,Victory
2022-03-25T13:26:27Z,7 hours ago,27m 0s,Defeat
2022-03-25T13:26:27Z,a day ago,23m 13s,Defeat
2022-03-25T13:26:27Z,a day ago,23m 28s,Defeat
2022-03-25T13:26:27Z,a day ago,40m 59s,Victory
2022-03-25T13:26:27Z,2 days ago,39m 15s,Victory
2022-03-25T13:26:27Z,2 days ago,27m 16s,Victory
2022-03-25T13:26:27Z,2 days ago,25m 20s,Defeat
2022-03-25T13:26:27Z,2 days ago,23m 46s,Victory
2022-03-25T13:26:27Z,2 days ago,18m 0s,Victory
2022-03-25T13:26:27Z,2 days ago,12m 45s,Defeat
2022-03-25T13:26:27Z,2 days ago,22m 8s,Victory
2022-03-25T13:26:27Z,2 days ago,30m 58s,Victory
2022-03-25T13:26:27Z,2 days ago,24m 23s,Victory
2022-03-25T13:26:27Z,2 days ago,15m 28s,Victory
2022-03-25T13:26:27Z,2 days ago,21m 42s,Victory
2022-03-25T13:26:27Z,2 days ago,27m 6s,Victory
2022-03-25T13:26:27Z,3 days ago,26m 57s,Victory
2022-03-25T13:26:27Z,3 days ago,13m 0s,Defeat
2022-03-25T13:26:27Z,3 days ago,13m 52s,Victory
2022-03-25T13:26:27Z,3 days ago,26m 9s,Victory
2022-03-24T13:15:47Z,8 hours ago,23m 13s,Defeat
2022-03-24T13:15:47Z,9 hours ago,23m 28s,Defeat
2022-03-24T13:15:47Z,10 hours ago,40m 59s,Victory
2022-03-24T13:15:47Z,12 hours ago,39m 15s,Victory
2022-03-24T13:15:47Z,19 hours ago,27m 16s,Victory
2022-03-24T13:15:47Z,20 hours ago,25m 20s,Defeat
2022-03-24T13:15:47Z,20 hours ago,23m 46s,Victory
2022-03-24T13:15:47Z,a day ago,18m 0s,Victory
2022-03-24T13:15:47Z,a day ago,12m 45s,Defeat
2022-03-24T13:15:47Z,a day ago,22m 8s,Victory
2022-03-24T13:15:47Z,a day ago,30m 58s,Victory
2022-03-24T13:15:47Z,a day ago,24m 23s,Victory
2022-03-24T13:15:47Z,a day ago,15m 28s,Victory
2022-03-24T13:15:47Z,a day ago,21m 42s,Victory
2022-03-24T13:15:47Z,a day ago,27m 6s,Victory
2022-03-24T13:15:47Z,a day ago,26m 57s,Victory
2022-03-24T13:15:47Z,2 days ago,13m 0s,Defeat
2022-03-24T13:15:47Z,2 days ago,13m 52s,Victory
2022-03-24T13:15:47Z,2 days ago,26m 9s,Victory
2022-03-24T13:15:47Z,2 days ago,13m 44s,Defeat
2022-03-23T13:11:42Z,6 hours ago,18m 0s,Victory
2022-03-23T13:11:42Z,7 hours ago,30m 58s,Victory
2022-03-23T13:11:42Z,7 hours ago,24m 23s,Victory
2022-03-23T13:11:42Z,11 hours ago,15m 28s,Victory
2022-03-23T13:11:42Z,11 hours ago,21m 42s,Victory
2022-03-23T13:11:42Z,11 hours ago,27m 6s,Victory
2022-03-23T13:11:42Z,12 hours ago,26m 57s,Victory
2022-03-23T13:11:42Z,a day ago,13m 0s,Defeat
2022-03-23T13:11:42Z,a day ago,13m 52s,Victory
2022-03-23T13:11:42Z,a day ago,26m 9s,Victory
2022-03-23T13:11:42Z,a day ago,13m 44s,Defeat
2022-03-23T13:11:42Z,a day ago,42m 48s,Defeat
2022-03-23T13:11:42Z,a day ago,20m 43s,Victory
2022-03-23T13:11:42Z,a day ago,31m 20s,Defeat
2022-03-23T13:11:42Z,a day ago,23m 36s,Defeat
2022-03-23T13:11:42Z,a day ago,32m 56s,Defeat
2022-03-23T13:11:42Z,a day ago,34m 10s,Defeat
2022-03-23T13:11:42Z,3 days ago,36m 4s,Defeat
2022-03-23T13:11:42Z,3 days ago,29m 34s,Defeat
2022-03-23T13:11:42Z,4 days ago,29m 57s,Defeat
2022-03-22T13:10:58Z,5 hours ago,13m 52s,Victory
2022-03-22T13:10:58Z,8 hours ago,42m 48s,Defeat
2022-03-22T13:10:58Z,9 hours ago,20m 43s,Victory
2022-03-22T13:10:58Z,10 hours ago,31m 20s,Defeat
2022-03-22T13:10:58Z,10 hours ago,23m 36s,Defeat
2022-03-22T13:10:58Z,11 hours ago,32m 56s,Defeat
2022-03-22T13:10:58Z,12 hours ago,34m 10s,Defeat
2022-03-22T13:10:58Z,2 days ago,36m 4s,Defeat
2022-03-22T13:10:58Z,2 days ago,29m 34s,Defeat
2022-03-22T13:10:58Z,3 days ago,29m 57s,Defeat
2022-03-22T13:10:58Z,3 days ago,15m 35s,Defeat
2022-03-22T13:10:58Z,3 days ago,16m 6s,Victory
2022-03-22T13:10:58Z,3 days ago,26m 9s,Defeat
2022-03-22T13:10:58Z,3 days ago,20m 48s,Defeat
2022-03-22T13:10:58Z,3 days ago,18m 4s,Defeat
2022-03-22T13:10:58Z,3 days ago,32m 53s,Victory
2022-03-22T13:10:58Z,4 days ago,34m 2s,Defeat
2022-03-22T13:10:58Z,4 days ago,26m 0s,Victory
2022-03-22T13:10:58Z,4 days ago,41m 45s,Defeat
2022-03-22T13:10:58Z,4 days ago,22m 7s,Victory
2022-03-21T13:10:38Z,a day ago,36m 4s,Defeat
2022-03-21T13:10:38Z,a day ago,29m 34s,Defeat
2022-03-21T13:10:38Z,2 days ago,29m 57s,Defeat
2022-03-21T13:10:38Z,2 days ago,15m 35s,Defeat
2022-03-21T13:10:38Z,2 days ago,16m 6s,Victory
2022-03-21T13:10:38Z,2 days ago,26m 9s,Defeat
2022-03-21T13:10:38Z,2 days ago,20m 48s,Defeat
2022-03-21T13:10:38Z,2 days ago,18m 4s,Defeat
2022-03-21T13:10:38Z,2 days ago,32m 53s,Victory
2022-03-21T13:10:38Z,3 days ago,34m 2s,Defeat
2022-03-21T13:10:38Z,3 days ago,26m 0s,Victory
2022-03-21T13:10:38Z,3 days ago,41m 45s,Defeat
2022-03-21T13:10:38Z,3 days ago,22m 7s,Victory
2022-03-21T13:10:38Z,3 days ago,31m 41s,Defeat
2022-03-21T13:10:38Z,3 days ago,15m 51s,Victory
2022-03-21T13:10:38Z,3 days ago,15m 17s,Victory
2022-03-21T13:10:38Z,3 days ago,22m 13s,Victory
2022-03-21T13:10:38Z,3 days ago,27m 55s,Defeat
2022-03-21T13:10:38Z,3 days ago,34m 58s,Victory
2022-03-21T13:10:38Z,4 days ago,38m 18s,Victory
2022-03-20T13:08:21Z,7 hours ago,36m 4s,Defeat
2022-03-20T13:08:21Z,7 hours ago,29m 34s,Defeat
2022-03-20T13:08:21Z,12 hours ago,29m 57s,Defeat
2022-03-20T13:08:21Z,13 hours ago,15m 35s,Defeat
2022-03-20T13:08:21Z,a day ago,26m 9s,Defeat
2022-03-20T13:08:21Z,a day ago,20m 48s,Defeat
2022-03-20T13:08:21Z,a day ago,18m 4s,Defeat
2022-03-20T13:08:21Z,a day ago,32m 53s,Victory
2022-03-20T13:08:21Z,2 days ago,34m 2s,Defeat
2022-03-20T13:08:21Z,2 days ago,26m 0s,Victory
2022-03-20T13:08:21Z,2 days ago,41m 45s,Defeat
2022-03-20T13:08:21Z,2 days ago,22m 7s,Victory
2022-03-20T13:08:21Z,2 days ago,31m 41s,Defeat
2022-03-20T13:08:21Z,2 days ago,15m 51s,Victory
2022-03-20T13:08:21Z,2 days ago,15m 17s,Victory
2022-03-20T13:08:21Z,2 days ago,22m 13s,Victory
2022-03-20T13:08:21Z,2 days ago,27m 55s,Defeat
2022-03-20T13:08:21Z,2 days ago,34m 58s,Victory
2022-03-20T13:08:21Z,3 days ago,38m 18s,Victory
2022-03-20T13:08:21Z,3 days ago,29m 46s,Defeat
2022-03-07T13:11:02Z,7 hours ago,23m 58s,Defeat
2022-03-07T13:11:02Z,7 hours ago,11m 19s,Defeat
2022-03-07T13:11:02Z,7 hours ago,36m 6s,Victory
2022-03-07T13:11:02Z,8 hours ago,33m 9s,Defeat
2022-03-07T13:11:02Z,9 hours ago,28m 3s,Victory
2022-03-07T13:11:02Z,9 hours ago,13m 35s,Defeat
2022-03-07T13:11:02Z,10 hours ago,20m 21s,Defeat
2022-03-07T13:11:02Z,10 hours ago,15m 27s,Defeat
2022-03-07T13:11:02Z,16 hours ago,28m 42s,Defeat
2022-03-07T13:11:02Z,17 hours ago,16m 3s,Defeat
2022-03-07T13:11:02Z,a day ago,22m 2s,Defeat
2022-03-07T13:11:02Z,2 days ago,8m 30s,Defeat
2022-03-07T13:11:02Z,2 days ago,8m 57s,Defeat
2022-03-07T13:11:02Z,2 days ago,25m 48s,Defeat
2022-03-07T13:11:02Z,2 days ago,21m 38s,Defeat
2022-03-07T13:11:02Z,2 days ago,23m 20s,Victory
2022-03-07T13:11:02Z,2 days ago,33m 23s,Victory
2022-03-07T13:11:02Z,2 days ago,45m 23s,Victory
2022-03-07T13:11:02Z,2 days ago,34m 12s,Defeat
2022-03-07T13:11:02Z,2 days ago,37m 43s,Victory
